{
  "manifest": {
    "publishingInformation": {
      "locales": {
        "en-US": {
          "name": "my story",
          "summary": "An interactive voice story",
          "description": "A story generated from Ink2Voice",
          "examplePhrases": [
            "Alexa, open interactive story",
            "Alexa, launch interactive story"
          ]
        }
      },
      "isAvailableWorldwide": true,
      "testingInstructions": "Try the skill by choosing different story paths.",
      "category": "EDUCATION_AND_REFERENCE",
      "distributionCountries": []
    },
    "apis": {
      "custom": {}
    },
    "manifestVersion": "1.0"
  }
}