{
  "root": {
    "text": "You wake up in a strange land. A shadow moves in the distance. Call out Stay hidden",
    "options": {
      "call out": "CALL_OUT",
      "stay hidden": "HIDE"
    }
  },
  "CALL_OUT": {
    "text": "A woman approaches. Aria: Who are you? Are you hurt? Ask for help Stay silent",
    "options": {
      "ask for help": "ASK_HELP",
      "stay silent": "STAY_SILENT"
    }
  },
  "HIDE": {
    "text": "You hide behind a tree. Kael: I saw you. No use hiding. Surrender Run",
    "options": {
      "surrender": "SURRENDER",
      "run": "RUN"
    }
  },
  "ASK_HELP": {
    "text": "Aria brings you to a village. Mira: We can give you shelter, but we must test your soul. Accept the test Refuse",
    "options": {
      "accept the test": "TEST",
      "refuse": "END_REFUSE"
    }
  },
  "STAY_SILENT": {
    "text": "Aria frowns. Aria: If you won’t speak, I can’t help. Walk away Follow her silently",
    "options": {
      "walk away": "END_LOST",
      "follow her silently": "FOLLOW_ARIA"
    }
  },
  "SURRENDER": {
    "text": "Kael smiles. Kael: Brave. Come with me. Follow Kael Refuse",
    "options": {
      "follow kael": "FOLLOW_KAEL",
      "refuse": "END_REFUSE"
    }
  },
  "RUN": {
    "text": "You trip and fall. END. THE END.",
    "options": {}
  },
  "FOLLOW_ARIA": {
    "text": "You follow Aria into the village. Mira: You have courage. Stay here. Accept her offer Leave the village",
    "options": {
      "accept her offer": "END_SHELTER",
      "leave the village": "END_LOST"
    }
  },
  "FOLLOW_KAEL": {
    "text": "Kael shows you a hidden ruin. Kael: Touch the stone, claim your fate. Touch the stone Walk away",
    "options": {
      "touch the stone": "END_POWER",
      "walk away": "END_SAFE"
    }
  },
  "TEST": {
    "text": "You pass the test. The villagers cheer. Mira: You are one of us now. Stay forever Leave in peace",
    "options": {
      "stay forever": "END_SHELTER",
      "leave in peace": "END_SAFE"
    }
  },
  "END_SHELTER": {
    "text": "You are safe and live a peaceful life. THE END.",
    "options": {}
  },
  "END_LOST": {
    "text": "You get lost in the wild and are never found. THE END.",
    "options": {}
  },
  "END_POWER": {
    "text": "You gain immense power but lose your humanity. THE END.",
    "options": {}
  },
  "END_SAFE": {
    "text": "You walk away and return to normal life. THE END.",
    "options": {}
  },
  "END_REFUSE": {
    "text": "You walk away into the unknown. THE END.",
    "options": {}
  }
}